{"cameraMode":{"drawMode":0,"name":"Shaded","section":"Shading Mode"},"sceneLighting":false,"audioPlay":false,"sceneViewState":{"showFog":true,"showMaterialUpdate":false,"showSkybox":false,"showFlares":true,"showImageEffects":true,"showParticleSystems":true},"in2DMode":false,"pivot":{"x":1.2881689071655274,"y":-0.37305212020874026,"z":3.2278757095336916},"rotation":{"x":-0.08692354708909989,"y":-0.8319814205169678,"z":0.1362352818250656,"w":-0.5308020710945129},"size":14.93351936340332,"orthographic":false}