{"cameraMode":{"drawMode":0,"name":"Shaded","section":"Shading Mode"},"sceneLighting":true,"audioPlay":false,"sceneViewState":{"showFog":true,"showMaterialUpdate":false,"showSkybox":true,"showFlares":true,"showImageEffects":true,"showParticleSystems":true},"in2DMode":false,"pivot":{"x":-0.06999969482421875,"y":1.3098797798156739,"z":1.8156852722167969},"rotation":{"x":-0.13080424070358277,"y":0.3130689561367035,"z":-0.043573617935180667,"w":-0.9396852254867554},"size":12.620806694030762,"orthographic":false}